seed,tau,method,feasible,feasible_eval,n_considered,tune_ndcg,tune_parity,ndcg@k,recall@k,category_coverage,exposure_parity,exposure_parity_equal,intra_list_sim,catalogue_coverage,gini,iif,aif,ibo,seconds,kwh,co2_kg,energy_measured,chosen_mmr_lam,chosen_lam,chosen_mu
0,0.2,greedy_topk,False,False,1,1.0,0.7425,1.0,0.175,0.80625,0.735,0.735,0.010957083411003096,0.2792297111416781,0.8236588720770289,0.004135607180780727,0.0003077822262628469,0.3684210526315789,0.0006345000001601875,,,False,,,
0,0.2,mmr,False,False,3,0.8628583790019103,0.575,0.8715303888289455,0.1,0.9125,0.5275000000000001,0.5275000000000001,0.002955315080564737,0.33700137551581844,0.7662104539202201,0.004220456919432721,0.0002735141526174074,0.21052631578947367,0.14981819999957224,,,False,0.7,,
0,0.2,quota_mmr,False,False,3,0.9356829240888459,0.2425,0.9476290270694557,0.175,1.0,0.25,0.25,0.0068556100910652975,0.297111416781293,0.8071801925722146,0.004132001348593657,0.0003004985410309134,0.3684210526315789,0.1271569999953499,,,False,0.3,,
0,0.2,balanced_quota,True,True,3,0.9305753000170188,0.2,0.9370997445258832,0.175,1.0,0.2,0.2,0.006768835429187077,0.29160935350756534,0.8123933975240716,0.004132001348593656,0.0003046642818192022,0.3684210526315789,0.05330179999873508,,,False,0.3,,
0,0.2,qubo_tabu,True,True,9,0.9404786822028477,0.2,0.9473519990021648,0.175,1.0,0.2,0.2,0.007975989533004005,0.28473177441540576,0.8206189821182943,0.004132001348593656,0.00031257588170411504,0.3684210526315789,10.972154199997021,,,False,,0.0,1.0
0,0.2,qubo_feasible,True,True,9,0.870214515522717,0.2,0.880132060259724,0.125,1.0,0.2,0.2,0.006270854889142012,0.297111416781293,0.8064099037138928,0.004212569161523506,0.00029851021224126123,0.2631578947368421,28.592795699994895,,,False,,0.0,1.0
0,0.22,greedy_topk,False,False,1,1.0,0.7425,1.0,0.175,0.80625,0.735,0.735,0.010957083411003096,0.2792297111416781,0.8236588720770289,0.004135607180780727,0.0003077822262628469,0.3684210526315789,0.0006345000001601875,,,False,,,
0,0.22,mmr,False,False,3,0.8628583790019103,0.575,0.8715303888289455,0.1,0.9125,0.5275000000000001,0.5275000000000001,0.002955315080564737,0.33700137551581844,0.7662104539202201,0.004220456919432721,0.0002735141526174074,0.21052631578947367,0.14981819999957224,,,False,0.7,,
0,0.22,quota_mmr,False,False,3,0.9356829240888459,0.2425,0.9476290270694557,0.175,1.0,0.25,0.25,0.0068556100910652975,0.297111416781293,0.8071801925722146,0.004132001348593657,0.0003004985410309134,0.3684210526315789,0.1271569999953499,,,False,0.3,,
0,0.22,balanced_quota,True,True,3,0.9305753000170188,0.2,0.9370997445258832,0.175,1.0,0.2,0.2,0.006768835429187077,0.29160935350756534,0.8123933975240716,0.004132001348593656,0.0003046642818192022,0.3684210526315789,0.05330179999873508,,,False,0.3,,
0,0.22,qubo_tabu,True,True,9,0.9404786822028477,0.2,0.9473519990021648,0.175,1.0,0.2,0.2,0.007975989533004005,0.28473177441540576,0.8206189821182943,0.004132001348593656,0.00031257588170411504,0.3684210526315789,10.972154199997021,,,False,,0.0,1.0
0,0.22,qubo_feasible,True,True,9,0.870214515522717,0.2,0.880132060259724,0.125,1.0,0.2,0.2,0.006270854889142012,0.297111416781293,0.8064099037138928,0.004212569161523506,0.00029851021224126123,0.2631578947368421,28.592795699994895,,,False,,0.0,1.0
0,0.25,greedy_topk,False,False,1,1.0,0.7425,1.0,0.175,0.80625,0.735,0.735,0.010957083411003096,0.2792297111416781,0.8236588720770289,0.004135607180780727,0.0003077822262628469,0.3684210526315789,0.0006345000001601875,,,False,,,
0,0.25,mmr,False,False,3,0.8628583790019103,0.575,0.8715303888289455,0.1,0.9125,0.5275000000000001,0.5275000000000001,0.002955315080564737,0.33700137551581844,0.7662104539202201,0.004220456919432721,0.0002735141526174074,0.21052631578947367,0.14981819999957224,,,False,0.7,,
0,0.25,quota_mmr,True,True,3,0.9356829240888459,0.2425,0.9476290270694557,0.175,1.0,0.25,0.25,0.0068556100910652975,0.297111416781293,0.8071801925722146,0.004132001348593657,0.0003004985410309134,0.3684210526315789,0.1271569999953499,,,False,0.3,,
0,0.25,balanced_quota,True,True,3,0.9305753000170188,0.2,0.9370997445258832,0.175,1.0,0.2,0.2,0.006768835429187077,0.29160935350756534,0.8123933975240716,0.004132001348593656,0.0003046642818192022,0.3684210526315789,0.05330179999873508,,,False,0.3,,
0,0.25,qubo_tabu,True,True,9,0.9404786822028477,0.2,0.9473519990021648,0.175,1.0,0.2,0.2,0.007975989533004005,0.28473177441540576,0.8206189821182943,0.004132001348593656,0.00031257588170411504,0.3684210526315789,10.972154199997021,,,False,,0.0,1.0
0,0.25,qubo_feasible,True,True,9,0.870214515522717,0.2,0.880132060259724,0.125,1.0,0.2,0.2,0.006270854889142012,0.297111416781293,0.8064099037138928,0.004212569161523506,0.00029851021224126123,0.2631578947368421,28.592795699994895,,,False,,0.0,1.0
0,0.3,greedy_topk,False,False,1,1.0,0.7425,1.0,0.175,0.80625,0.735,0.735,0.010957083411003096,0.2792297111416781,0.8236588720770289,0.004135607180780727,0.0003077822262628469,0.3684210526315789,0.0006345000001601875,,,False,,,
0,0.3,mmr,False,False,3,0.8628583790019103,0.575,0.8715303888289455,0.1,0.9125,0.5275000000000001,0.5275000000000001,0.002955315080564737,0.33700137551581844,0.7662104539202201,0.004220456919432721,0.0002735141526174074,0.21052631578947367,0.14981819999957224,,,False,0.7,,
0,0.3,quota_mmr,True,True,3,0.9356829240888459,0.2425,0.9476290270694557,0.175,1.0,0.25,0.25,0.0068556100910652975,0.297111416781293,0.8071801925722146,0.004132001348593657,0.0003004985410309134,0.3684210526315789,0.1271569999953499,,,False,0.3,,
0,0.3,balanced_quota,True,True,3,0.9305753000170188,0.2,0.9370997445258832,0.175,1.0,0.2,0.2,0.006768835429187077,0.29160935350756534,0.8123933975240716,0.004132001348593656,0.0003046642818192022,0.3684210526315789,0.05330179999873508,,,False,0.3,,
0,0.3,qubo_tabu,True,True,9,0.9404786822028477,0.2,0.9473519990021648,0.175,1.0,0.2,0.2,0.007975989533004005,0.28473177441540576,0.8206189821182943,0.004132001348593656,0.00031257588170411504,0.3684210526315789,10.972154199997021,,,False,,0.0,1.0
0,0.3,qubo_feasible,True,True,9,0.870214515522717,0.2,0.880132060259724,0.125,1.0,0.2,0.2,0.006270854889142012,0.297111416781293,0.8064099037138928,0.004212569161523506,0.00029851021224126123,0.2631578947368421,28.592795699994895,,,False,,0.0,1.0
0,0.4,greedy_topk,False,False,1,1.0,0.7425,1.0,0.175,0.80625,0.735,0.735,0.010957083411003096,0.2792297111416781,0.8236588720770289,0.004135607180780727,0.0003077822262628469,0.3684210526315789,0.0006345000001601875,,,False,,,
0,0.4,mmr,False,False,3,0.8628583790019103,0.575,0.8715303888289455,0.1,0.9125,0.5275000000000001,0.5275000000000001,0.002955315080564737,0.33700137551581844,0.7662104539202201,0.004220456919432721,0.0002735141526174074,0.21052631578947367,0.14981819999957224,,,False,0.7,,
0,0.4,quota_mmr,True,True,3,0.9356829240888459,0.2425,0.9476290270694557,0.175,1.0,0.25,0.25,0.0068556100910652975,0.297111416781293,0.8071801925722146,0.004132001348593657,0.0003004985410309134,0.3684210526315789,0.1271569999953499,,,False,0.3,,
0,0.4,balanced_quota,True,True,3,0.9305753000170188,0.2,0.9370997445258832,0.175,1.0,0.2,0.2,0.006768835429187077,0.29160935350756534,0.8123933975240716,0.004132001348593656,0.0003046642818192022,0.3684210526315789,0.05330179999873508,,,False,0.3,,
0,0.4,qubo_tabu,True,True,9,0.9404786822028477,0.2,0.9473519990021648,0.175,1.0,0.2,0.2,0.007975989533004005,0.28473177441540576,0.8206189821182943,0.004132001348593656,0.00031257588170411504,0.3684210526315789,10.972154199997021,,,False,,0.0,1.0
0,0.4,qubo_feasible,True,True,9,0.870214515522717,0.2,0.880132060259724,0.125,1.0,0.2,0.2,0.006270854889142012,0.297111416781293,0.8064099037138928,0.004212569161523506,0.00029851021224126123,0.2631578947368421,28.592795699994895,,,False,,0.0,1.0
0,1.0,greedy_topk,True,True,1,1.0,0.7425,1.0,0.175,0.80625,0.735,0.735,0.010957083411003096,0.2792297111416781,0.8236588720770289,0.004135607180780727,0.0003077822262628469,0.3684210526315789,0.0006345000001601875,,,False,,,
0,1.0,mmr,True,True,3,0.9910689413427101,0.665,0.9924237552359966,0.15,0.83125,0.6375,0.6375,0.0088191512418758,0.29436038514442914,0.8113411279229711,0.0041708203857325835,0.00030443247524269143,0.3157894736842105,0.15480500000558095,,,False,0.3,,
0,1.0,quota_mmr,True,True,3,0.9356829240888459,0.2425,0.9476290270694557,0.175,1.0,0.25,0.25,0.0068556100910652975,0.297111416781293,0.8071801925722146,0.004132001348593657,0.0003004985410309134,0.3684210526315789,0.1271569999953499,,,False,0.3,,
0,1.0,balanced_quota,True,True,3,0.9305753000170188,0.2,0.9370997445258832,0.175,1.0,0.2,0.2,0.006768835429187077,0.29160935350756534,0.8123933975240716,0.004132001348593656,0.0003046642818192022,0.3684210526315789,0.05330179999873508,,,False,0.3,,
0,1.0,qubo_tabu,True,True,9,1.0,0.7425,1.0,0.175,0.80625,0.735,0.735,0.010957083411003096,0.2792297111416781,0.8236588720770289,0.004135607180780727,0.0003077822262628469,0.3684210526315789,11.014477400000033,,,False,,0.0,0.0
0,1.0,qubo_feasible,True,True,9,1.0,0.7425,1.0,0.175,0.80625,0.735,0.735,0.010957083411003096,0.2792297111416781,0.8236588720770289,0.004135607180780727,0.0003077822262628469,0.3684210526315789,18.323899700000766,,,False,,0.0,0.0
1,0.2,greedy_topk,False,False,1,1.0,0.775,1.0,0.15,0.8125,0.7050000000000001,0.7050000000000001,0.011684352066751159,0.31361760660247595,0.7859147180192573,0.004377844134838498,0.0002537714794733149,0.2727272727272727,0.0005334000015864149,,,False,,,
1,0.2,mmr,False,False,3,0.8874681661562205,0.5900000000000001,0.8678518478856713,0.125,0.9,0.5875,0.5875,0.0035666068287346997,0.3713892709766162,0.727152682255846,0.0043849763582222675,0.0002137924858859019,0.22727272727272727,0.1362382000006619,,,False,0.7,,
1,0.2,quota_mmr,False,False,3,0.8617957963453484,0.24499999999999997,0.8224700830216305,0.075,1.0,0.2575,0.2575,0.0024298804918771026,0.3672627235213205,0.7312585969738652,0.004410938349969172,0.00021225762056200796,0.13636363636363635,0.11857510000118054,,,False,0.7,,
1,0.2,balanced_quota,True,True,3,0.9315555079884359,0.2,0.9286166025632674,0.075,1.0,0.2,0.2,0.0069865201156104366,0.3328748280605227,0.7689821182943604,0.004419741651207136,0.00023765825925080048,0.13636363636363635,0.04860009999538306,,,False,0.3,,
1,0.2,qubo_tabu,True,True,9,0.9423775222456975,0.2,0.9336126180524925,0.1,1.0,0.2,0.2,0.008357153619331889,0.312242090784044,0.7927441540577717,0.00438452844625528,0.00025906245109662333,0.18181818181818182,19.04927879999741,,,False,,0.0,4.0
1,0.2,qubo_feasible,True,True,9,0.8800626497257777,0.2,0.8759484645873453,0.05,1.0,0.2,0.2,0.006704538550500215,0.3246217331499312,0.777757909215956,0.004454954856158994,0.000254594318210264,0.09090909090909091,24.878772799995204,,,False,,0.0,1.0
1,0.22,greedy_topk,False,False,1,1.0,0.775,1.0,0.15,0.8125,0.7050000000000001,0.7050000000000001,0.011684352066751159,0.31361760660247595,0.7859147180192573,0.004377844134838498,0.0002537714794733149,0.2727272727272727,0.0005334000015864149,,,False,,,
1,0.22,mmr,False,False,3,0.8874681661562205,0.5900000000000001,0.8678518478856713,0.125,0.9,0.5875,0.5875,0.0035666068287346997,0.3713892709766162,0.727152682255846,0.0043849763582222675,0.0002137924858859019,0.22727272727272727,0.1362382000006619,,,False,0.7,,
1,0.22,quota_mmr,False,False,3,0.8617957963453484,0.24499999999999997,0.8224700830216305,0.075,1.0,0.2575,0.2575,0.0024298804918771026,0.3672627235213205,0.7312585969738652,0.004410938349969172,0.00021225762056200796,0.13636363636363635,0.11857510000118054,,,False,0.7,,
1,0.22,balanced_quota,True,True,3,0.9315555079884359,0.2,0.9286166025632674,0.075,1.0,0.2,0.2,0.0069865201156104366,0.3328748280605227,0.7689821182943604,0.004419741651207136,0.00023765825925080048,0.13636363636363635,0.04860009999538306,,,False,0.3,,
1,0.22,qubo_tabu,True,True,9,0.9423775222456975,0.2,0.9336126180524925,0.1,1.0,0.2,0.2,0.008357153619331889,0.312242090784044,0.7927441540577717,0.00438452844625528,0.00025906245109662333,0.18181818181818182,19.04927879999741,,,False,,0.0,4.0
1,0.22,qubo_feasible,True,True,9,0.8800626497257777,0.2,0.8759484645873453,0.05,1.0,0.2,0.2,0.006704538550500215,0.3246217331499312,0.777757909215956,0.004454954856158994,0.000254594318210264,0.09090909090909091,24.878772799995204,,,False,,0.0,1.0
1,0.25,greedy_topk,False,False,1,1.0,0.775,1.0,0.15,0.8125,0.7050000000000001,0.7050000000000001,0.011684352066751159,0.31361760660247595,0.7859147180192573,0.004377844134838498,0.0002537714794733149,0.2727272727272727,0.0005334000015864149,,,False,,,
1,0.25,mmr,False,False,3,0.8874681661562205,0.5900000000000001,0.8678518478856713,0.125,0.9,0.5875,0.5875,0.0035666068287346997,0.3713892709766162,0.727152682255846,0.0043849763582222675,0.0002137924858859019,0.22727272727272727,0.1362382000006619,,,False,0.7,,
1,0.25,quota_mmr,True,False,3,0.8617957963453484,0.24499999999999997,0.8224700830216305,0.075,1.0,0.2575,0.2575,0.0024298804918771026,0.3672627235213205,0.7312585969738652,0.004410938349969172,0.00021225762056200796,0.13636363636363635,0.11857510000118054,,,False,0.7,,
1,0.25,balanced_quota,True,True,3,0.9315555079884359,0.2,0.9286166025632674,0.075,1.0,0.2,0.2,0.0069865201156104366,0.3328748280605227,0.7689821182943604,0.004419741651207136,0.00023765825925080048,0.13636363636363635,0.04860009999538306,,,False,0.3,,
1,0.25,qubo_tabu,True,True,9,0.9423775222456975,0.2,0.9336126180524925,0.1,1.0,0.2,0.2,0.008357153619331889,0.312242090784044,0.7927441540577717,0.00438452844625528,0.00025906245109662333,0.18181818181818182,19.04927879999741,,,False,,0.0,4.0
1,0.25,qubo_feasible,True,True,9,0.8800626497257777,0.2,0.8759484645873453,0.05,1.0,0.2,0.2,0.006704538550500215,0.3246217331499312,0.777757909215956,0.004454954856158994,0.000254594318210264,0.09090909090909091,24.878772799995204,,,False,,0.0,1.0
1,0.3,greedy_topk,False,False,1,1.0,0.775,1.0,0.15,0.8125,0.7050000000000001,0.7050000000000001,0.011684352066751159,0.31361760660247595,0.7859147180192573,0.004377844134838498,0.0002537714794733149,0.2727272727272727,0.0005334000015864149,,,False,,,
1,0.3,mmr,False,False,3,0.8874681661562205,0.5900000000000001,0.8678518478856713,0.125,0.9,0.5875,0.5875,0.0035666068287346997,0.3713892709766162,0.727152682255846,0.0043849763582222675,0.0002137924858859019,0.22727272727272727,0.1362382000006619,,,False,0.7,,
1,0.3,quota_mmr,True,True,3,0.9372829029032506,0.25250000000000006,0.9370504794287386,0.075,1.0,0.26,0.26,0.006781527810256557,0.328748280605227,0.7726341127922971,0.004419741651207136,0.00024097985973453638,0.13636363636363635,0.12059439999575261,,,False,0.3,,
1,0.3,balanced_quota,True,True,3,0.9315555079884359,0.2,0.9286166025632674,0.075,1.0,0.2,0.2,0.0069865201156104366,0.3328748280605227,0.7689821182943604,0.004419741651207136,0.00023765825925080048,0.13636363636363635,0.04860009999538306,,,False,0.3,,
1,0.3,qubo_tabu,True,True,9,0.9423775222456975,0.2,0.9336126180524925,0.1,1.0,0.2,0.2,0.008357153619331889,0.312242090784044,0.7927441540577717,0.00438452844625528,0.00025906245109662333,0.18181818181818182,19.04927879999741,,,False,,0.0,4.0
1,0.3,qubo_feasible,True,True,9,0.8800626497257777,0.2,0.8759484645873453,0.05,1.0,0.2,0.2,0.006704538550500215,0.3246217331499312,0.777757909215956,0.004454954856158994,0.000254594318210264,0.09090909090909091,24.878772799995204,,,False,,0.0,1.0
1,0.4,greedy_topk,False,False,1,1.0,0.775,1.0,0.15,0.8125,0.7050000000000001,0.7050000000000001,0.011684352066751159,0.31361760660247595,0.7859147180192573,0.004377844134838498,0.0002537714794733149,0.2727272727272727,0.0005334000015864149,,,False,,,
1,0.4,mmr,False,False,3,0.8874681661562205,0.5900000000000001,0.8678518478856713,0.125,0.9,0.5875,0.5875,0.0035666068287346997,0.3713892709766162,0.727152682255846,0.0043849763582222675,0.0002137924858859019,0.22727272727272727,0.1362382000006619,,,False,0.7,,
1,0.4,quota_mmr,True,True,3,0.9372829029032506,0.25250000000000006,0.9370504794287386,0.075,1.0,0.26,0.26,0.006781527810256557,0.328748280605227,0.7726341127922971,0.004419741651207136,0.00024097985973453638,0.13636363636363635,0.12059439999575261,,,False,0.3,,
1,0.4,balanced_quota,True,True,3,0.9315555079884359,0.2,0.9286166025632674,0.075,1.0,0.2,0.2,0.0069865201156104366,0.3328748280605227,0.7689821182943604,0.004419741651207136,0.00023765825925080048,0.13636363636363635,0.04860009999538306,,,False,0.3,,
1,0.4,qubo_tabu,True,True,9,0.9423775222456975,0.2,0.9336126180524925,0.1,1.0,0.2,0.2,0.008357153619331889,0.312242090784044,0.7927441540577717,0.00438452844625528,0.00025906245109662333,0.18181818181818182,19.04927879999741,,,False,,0.0,4.0
1,0.4,qubo_feasible,True,True,9,0.8800626497257777,0.2,0.8759484645873453,0.05,1.0,0.2,0.2,0.006704538550500215,0.3246217331499312,0.777757909215956,0.004454954856158994,0.000254594318210264,0.09090909090909091,24.878772799995204,,,False,,0.0,1.0
1,1.0,greedy_topk,True,True,1,1.0,0.775,1.0,0.15,0.8125,0.7050000000000001,0.7050000000000001,0.011684352066751159,0.31361760660247595,0.7859147180192573,0.004377844134838498,0.0002537714794733149,0.2727272727272727,0.0005334000015864149,,,False,,,
1,1.0,mmr,True,True,3,0.9880154712775326,0.6825000000000001,0.9904629753759778,0.125,0.825,0.6475000000000001,0.6475000000000001,0.009439474684843505,0.34112792297111416,0.7589821182943604,0.004387075065237398,0.0002364250718992875,0.22727272727272727,0.13349409999500494,,,False,0.3,,
1,1.0,quota_mmr,True,True,3,0.9372829029032506,0.25250000000000006,0.9370504794287386,0.075,1.0,0.26,0.26,0.006781527810256557,0.328748280605227,0.7726341127922971,0.004419741651207136,0.00024097985973453638,0.13636363636363635,0.12059439999575261,,,False,0.3,,
1,1.0,balanced_quota,True,True,3,0.9315555079884359,0.2,0.9286166025632674,0.075,1.0,0.2,0.2,0.0069865201156104366,0.3328748280605227,0.7689821182943604,0.004419741651207136,0.00023765825925080048,0.13636363636363635,0.04860009999538306,,,False,0.3,,
1,1.0,qubo_tabu,True,True,9,1.0,0.775,1.0,0.15,0.8125,0.7050000000000001,0.7050000000000001,0.011684352066751159,0.31361760660247595,0.7859147180192573,0.004377844134838498,0.0002537903844187719,0.2727272727272727,10.800667800001975,,,False,,0.0,0.0
1,1.0,qubo_feasible,True,True,9,1.0,0.775,1.0,0.15,0.8125,0.7050000000000001,0.7050000000000001,0.011684352066751159,0.31361760660247595,0.7859147180192573,0.004377844134838498,0.0002537714794733149,0.2727272727272727,16.031275199995434,,,False,,0.0,0.0
2,0.2,greedy_topk,False,False,1,1.0,0.7525000000000001,1.0,0.175,0.76875,0.7825,0.7825,0.012221942787385287,0.27785419532324623,0.8223177441540578,0.0042918893706019095,0.0002835416833002154,0.3333333333333333,0.0005036999937146902,,,False,,,
2,0.2,mmr,False,False,3,0.873380651222482,0.5599999999999999,0.8560710555137675,0.075,0.88125,0.595,0.595,0.003105877035376965,0.3576341127922971,0.7444910591471802,0.004394982366475363,0.0002362831231767339,0.14285714285714285,0.13709199999721022,,,False,0.7,,
2,0.2,quota_mmr,False,False,3,0.8382514648110568,0.24499999999999997,0.8199874463304117,0.075,1.0,0.255,0.255,0.0024179780100430036,0.3562585969738652,0.7421045392022009,0.004394982366475363,0.00022394093218324135,0.14285714285714285,0.11629849999735598,,,False,0.7,,
2,0.2,balanced_quota,True,True,3,0.9374944137542032,0.2,0.9293993962115081,0.125,1.0,0.2,0.2,0.007111705733257245,0.30398899587345257,0.7989614855570839,0.004348782641578526,0.0002751642694467109,0.23809523809523808,0.04759400000330061,,,False,0.3,,
2,0.2,qubo_tabu,True,True,9,0.9447813127754822,0.2,0.9378439222074153,0.125,1.0,0.2,0.2,0.008555535147463203,0.29298486932599727,0.8094016506189822,0.004348782641578526,0.00028266616195226876,0.23809523809523808,10.634072799999558,,,False,,0.0,1.0
2,0.2,qubo_feasible,True,True,9,0.8809863411678872,0.2,0.8708347230078342,0.15,1.0,0.2,0.2,0.006731695928080228,0.30949105914718017,0.7948486932599725,0.004322809381606036,0.0002725034773969153,0.2857142857142857,24.77234189999581,,,False,,0.0,1.0
2,0.22,greedy_topk,False,False,1,1.0,0.7525000000000001,1.0,0.175,0.76875,0.7825,0.7825,0.012221942787385287,0.27785419532324623,0.8223177441540578,0.0042918893706019095,0.0002835416833002154,0.3333333333333333,0.0005036999937146902,,,False,,,
2,0.22,mmr,False,False,3,0.873380651222482,0.5599999999999999,0.8560710555137675,0.075,0.88125,0.595,0.595,0.003105877035376965,0.3576341127922971,0.7444910591471802,0.004394982366475363,0.0002362831231767339,0.14285714285714285,0.13709199999721022,,,False,0.7,,
2,0.22,quota_mmr,False,False,3,0.8382514648110568,0.24499999999999997,0.8199874463304117,0.075,1.0,0.255,0.255,0.0024179780100430036,0.3562585969738652,0.7421045392022009,0.004394982366475363,0.00022394093218324135,0.14285714285714285,0.11629849999735598,,,False,0.7,,
2,0.22,balanced_quota,True,True,3,0.9374944137542032,0.2,0.9293993962115081,0.125,1.0,0.2,0.2,0.007111705733257245,0.30398899587345257,0.7989614855570839,0.004348782641578526,0.0002751642694467109,0.23809523809523808,0.04759400000330061,,,False,0.3,,
2,0.22,qubo_tabu,True,True,9,0.9447813127754822,0.2,0.9378439222074153,0.125,1.0,0.2,0.2,0.008555535147463203,0.29298486932599727,0.8094016506189822,0.004348782641578526,0.00028266616195226876,0.23809523809523808,10.634072799999558,,,False,,0.0,1.0
2,0.22,qubo_feasible,True,True,9,0.8809863411678872,0.2,0.8708347230078342,0.15,1.0,0.2,0.2,0.006731695928080228,0.30949105914718017,0.7948486932599725,0.004322809381606036,0.0002725034773969153,0.2857142857142857,24.77234189999581,,,False,,0.0,1.0
2,0.25,greedy_topk,False,False,1,1.0,0.7525000000000001,1.0,0.175,0.76875,0.7825,0.7825,0.012221942787385287,0.27785419532324623,0.8223177441540578,0.0042918893706019095,0.0002835416833002154,0.3333333333333333,0.0005036999937146902,,,False,,,
2,0.25,mmr,False,False,3,0.873380651222482,0.5599999999999999,0.8560710555137675,0.075,0.88125,0.595,0.595,0.003105877035376965,0.3576341127922971,0.7444910591471802,0.004394982366475363,0.0002362831231767339,0.14285714285714285,0.13709199999721022,,,False,0.7,,
2,0.25,quota_mmr,True,False,3,0.8382514648110568,0.24499999999999997,0.8199874463304117,0.075,1.0,0.255,0.255,0.0024179780100430036,0.3562585969738652,0.7421045392022009,0.004394982366475363,0.00022394093218324135,0.14285714285714285,0.11629849999735598,,,False,0.7,,
2,0.25,balanced_quota,True,True,3,0.9374944137542032,0.2,0.9293993962115081,0.125,1.0,0.2,0.2,0.007111705733257245,0.30398899587345257,0.7989614855570839,0.004348782641578526,0.0002751642694467109,0.23809523809523808,0.04759400000330061,,,False,0.3,,
2,0.25,qubo_tabu,True,True,9,0.9447813127754822,0.2,0.9378439222074153,0.125,1.0,0.2,0.2,0.008555535147463203,0.29298486932599727,0.8094016506189822,0.004348782641578526,0.00028266616195226876,0.23809523809523808,10.634072799999558,,,False,,0.0,1.0
2,0.25,qubo_feasible,True,True,9,0.8809863411678872,0.2,0.8708347230078342,0.15,1.0,0.2,0.2,0.006731695928080228,0.30949105914718017,0.7948486932599725,0.004322809381606036,0.0002725034773969153,0.2857142857142857,24.77234189999581,,,False,,0.0,1.0
2,0.3,greedy_topk,False,False,1,1.0,0.7525000000000001,1.0,0.175,0.76875,0.7825,0.7825,0.012221942787385287,0.27785419532324623,0.8223177441540578,0.0042918893706019095,0.0002835416833002154,0.3333333333333333,0.0005036999937146902,,,False,,,
2,0.3,mmr,False,False,3,0.873380651222482,0.5599999999999999,0.8560710555137675,0.075,0.88125,0.595,0.595,0.003105877035376965,0.3576341127922971,0.7444910591471802,0.004394982366475363,0.0002362831231767339,0.14285714285714285,0.13709199999721022,,,False,0.7,,
2,0.3,quota_mmr,True,True,3,0.9461007599890504,0.26,0.9368663531993097,0.15,1.0,0.24749999999999997,0.24749999999999997,0.007055555043666395,0.297111416781293,0.8034731774415406,0.004323710839652804,0.00027491946972009224,0.2857142857142857,0.11464840000553522,,,False,0.3,,
2,0.3,balanced_quota,True,True,3,0.9374944137542032,0.2,0.9293993962115081,0.125,1.0,0.2,0.2,0.007111705733257245,0.30398899587345257,0.7989614855570839,0.004348782641578526,0.0002751642694467109,0.23809523809523808,0.04759400000330061,,,False,0.3,,
2,0.3,qubo_tabu,True,True,9,0.9447813127754822,0.2,0.9378439222074153,0.125,1.0,0.2,0.2,0.008555535147463203,0.29298486932599727,0.8094016506189822,0.004348782641578526,0.00028266616195226876,0.23809523809523808,10.634072799999558,,,False,,0.0,1.0
2,0.3,qubo_feasible,True,True,9,0.8809863411678872,0.2,0.8708347230078342,0.15,1.0,0.2,0.2,0.006731695928080228,0.30949105914718017,0.7948486932599725,0.004322809381606036,0.0002725034773969153,0.2857142857142857,24.77234189999581,,,False,,0.0,1.0
2,0.4,greedy_topk,False,False,1,1.0,0.7525000000000001,1.0,0.175,0.76875,0.7825,0.7825,0.012221942787385287,0.27785419532324623,0.8223177441540578,0.0042918893706019095,0.0002835416833002154,0.3333333333333333,0.0005036999937146902,,,False,,,
2,0.4,mmr,False,False,3,0.873380651222482,0.5599999999999999,0.8560710555137675,0.075,0.88125,0.595,0.595,0.003105877035376965,0.3576341127922971,0.7444910591471802,0.004394982366475363,0.0002362831231767339,0.14285714285714285,0.13709199999721022,,,False,0.7,,
2,0.4,quota_mmr,True,True,3,0.9461007599890504,0.26,0.9368663531993097,0.15,1.0,0.24749999999999997,0.24749999999999997,0.007055555043666395,0.297111416781293,0.8034731774415406,0.004323710839652804,0.00027491946972009224,0.2857142857142857,0.11464840000553522,,,False,0.3,,
2,0.4,balanced_quota,True,True,3,0.9374944137542032,0.2,0.9293993962115081,0.125,1.0,0.2,0.2,0.007111705733257245,0.30398899587345257,0.7989614855570839,0.004348782641578526,0.0002751642694467109,0.23809523809523808,0.04759400000330061,,,False,0.3,,
2,0.4,qubo_tabu,True,True,9,0.9447813127754822,0.2,0.9378439222074153,0.125,1.0,0.2,0.2,0.008555535147463203,0.29298486932599727,0.8094016506189822,0.004348782641578526,0.00028266616195226876,0.23809523809523808,10.634072799999558,,,False,,0.0,1.0
2,0.4,qubo_feasible,True,True,9,0.8809863411678872,0.2,0.8708347230078342,0.15,1.0,0.2,0.2,0.006731695928080228,0.30949105914718017,0.7948486932599725,0.004322809381606036,0.0002725034773969153,0.2857142857142857,24.77234189999581,,,False,,0.0,1.0
2,1.0,greedy_topk,True,True,1,1.0,0.7525000000000001,1.0,0.175,0.76875,0.7825,0.7825,0.012221942787385287,0.27785419532324623,0.8223177441540578,0.0042918893706019095,0.0002835416833002154,0.3333333333333333,0.0005036999937146902,,,False,,,
2,1.0,mmr,True,True,3,0.9940237608236575,0.6925,0.9903099272342619,0.15,0.80625,0.7175,0.7175,0.009851309506646226,0.29160935350756534,0.8089339752407153,0.004329410308153491,0.00027321868731475604,0.2857142857142857,0.14043430000310764,,,False,0.3,,
2,1.0,quota_mmr,True,True,3,0.9461007599890504,0.26,0.9368663531993097,0.15,1.0,0.24749999999999997,0.24749999999999997,0.007055555043666395,0.297111416781293,0.8034731774415406,0.004323710839652804,0.00027491946972009224,0.2857142857142857,0.11464840000553522,,,False,0.3,,
2,1.0,balanced_quota,True,True,3,0.9374944137542032,0.2,0.9293993962115081,0.125,1.0,0.2,0.2,0.007111705733257245,0.30398899587345257,0.7989614855570839,0.004348782641578526,0.0002751642694467109,0.23809523809523808,0.04759400000330061,,,False,0.3,,
2,1.0,qubo_tabu,True,True,9,1.0,0.7525000000000001,1.0,0.175,0.76875,0.7825,0.7825,0.012221942787385287,0.27785419532324623,0.8223177441540578,0.0042918893706019095,0.0002835416833002154,0.3333333333333333,10.364221799994993,,,False,,0.0,0.0
2,1.0,qubo_feasible,True,True,9,1.0,0.7525000000000001,1.0,0.175,0.76875,0.7825,0.7825,0.012221942787385287,0.27785419532324623,0.8223177441540578,0.0042918893706019095,0.0002835416833002154,0.3333333333333333,15.802621999995608,,,False,,0.0,0.0
